,i_p_i,e_i,end_node,edge_progress,x,y,oneway,length,u,v,plate,longitude,latitude,timestamp,velocity,dis_f_pre
0,514249.0,26274,0,0.5555555555555556,114.009264,22.53393,True,558.509,5726058076,2460129078,粤B0AA56,114.0093,22.533899,2014-07-06 04:33:53,21,327.46381303346635
1,336837.0,17305,0,0.5333333333333333,114.012444,22.531759,True,166.357,498497533,498493255,粤B0AA56,114.012398,22.531799,2014-07-06 04:34:23,21,394.6747834689969
2,294323.0,15000,0,0.7,114.012325,22.529472,True,326.18699999999995,498493255,498877548,粤B0AA56,114.012299,22.529499,2014-07-06 04:34:53,18,255.95073725569637
3,212292.0,10637,0,0.34615384615384615,114.014423,22.530581,True,268.317,498877549,667339484,粤B0AA56,114.014397,22.5305,2014-07-06 04:35:23,22,242.5321097360777
4,586256.0,29991,0,0.32,114.016489,22.530273,True,275.186,667339484,2323527399,粤B0AA56,114.016602,22.5303,2014-07-06 04:36:12,7,227.5610193282069
5,103796.0,4944,2,1.0,114.017994,22.527497,False,10.518,6004023951,7701171829,粤B0AA56,114.017998,22.5275,2014-07-06 04:36:42,13,342.77537082315786
6,103800.0,4945,0,0.05084745762711865,114.018109,22.527216,True,627.8820000000001,6004023951,667339496,粤B0AA56,114.017899,22.527,2014-07-06 04:36:56,0,56.5197471227155
7,294432.0,15007,0,0.09234828496042216,114.018673,22.52586,True,3956.3939999999984,498493279,499237864,粤B0AA56,114.018402,22.525499,2014-07-06 04:37:44,0,174.71700811197744
8,294432.0,15007,0,0.09234828496042216,114.018673,22.52586,True,3956.3939999999984,498493279,499237864,粤B0AA56,114.018402,22.525499,2014-07-06 04:38:36,0,0.0
9,294432.0,15007,0,0.09234828496042216,114.018673,22.52586,True,3956.3939999999984,498493279,499237864,粤B0AA56,114.018402,22.525499,2014-07-06 04:39:36,0,0.0
10,294432.0,15007,0,0.09234828496042216,114.018673,22.52586,True,3956.3939999999984,498493279,499237864,粤B0AA56,114.018402,22.525499,2014-07-06 04:40:36,0,0.0
11,294432.0,15007,0,0.09234828496042216,114.018673,22.52586,True,3956.3939999999984,498493279,499237864,粤B0AA56,114.018402,22.525499,2014-07-06 04:41:06,0,0.0
12,294432.0,15007,0,0.09234828496042216,114.018673,22.52586,True,3956.3939999999984,498493279,499237864,粤B0AA56,114.018402,22.525499,2014-07-06 04:43:06,0,0.0
13,294432.0,15007,0,0.09234828496042216,114.018673,22.52586,True,3956.3939999999984,498493279,499237864,粤B0AA56,114.018402,22.525499,2014-07-06 04:43:36,0,0.0
14,294432.0,15007,0,0.09234828496042216,114.018673,22.52586,True,3956.3939999999984,498493279,499237864,粤B0AA56,114.018402,22.525499,2014-07-06 04:44:06,0,0.0
15,294432.0,15007,0,0.09234828496042216,114.018673,22.52586,True,3956.3939999999984,498493279,499237864,粤B0AA56,114.018402,22.525499,2014-07-06 04:44:36,0,0.0
16,294432.0,15007,0,0.09234828496042216,114.018673,22.52586,True,3956.3939999999984,498493279,499237864,粤B0AA56,114.018402,22.525499,2014-07-06 04:45:36,0,0.0
17,294432.0,15007,0,0.09234828496042216,114.018673,22.52586,True,3956.3939999999984,498493279,499237864,粤B0AA56,114.018402,22.525499,2014-07-06 04:46:06,0,0.0
18,294432.0,15007,0,0.09234828496042216,114.018673,22.52586,True,3956.3939999999984,498493279,499237864,粤B0AA56,114.018402,22.525499,2014-07-06 04:47:06,0,0.0
19,294432.0,15007,0,0.09234828496042216,114.018673,22.52586,True,3956.3939999999984,498493279,499237864,粤B0AA56,114.018402,22.525499,2014-07-06 04:47:36,0,0.0
20,294432.0,15007,0,0.09234828496042216,114.018673,22.52586,True,3956.3939999999984,498493279,499237864,粤B0AA56,114.018402,22.525499,2014-07-06 04:47:48,0,0.0
21,294432.0,15007,0,0.09234828496042216,114.018673,22.52586,True,3956.3939999999984,498493279,499237864,粤B0AA56,114.018303,22.5254,2014-07-06 04:48:55,0,14.986026719916403
22,294432.0,15007,0,0.09234828496042216,114.018673,22.52586,True,3956.3939999999984,498493279,499237864,粤B0AA56,114.018303,22.5254,2014-07-06 04:50:56,0,0.0
23,294432.0,15007,0,0.09234828496042216,114.018673,22.52586,True,3956.3939999999984,498493279,499237864,粤B0AA56,114.018303,22.5254,2014-07-06 04:51:26,0,0.0
24,294432.0,15007,0,0.09234828496042216,114.018673,22.52586,True,3956.3939999999984,498493279,499237864,粤B0AA56,114.018303,22.5254,2014-07-06 04:53:04,0,0.0
25,294432.0,15007,0,0.09234828496042216,114.018673,22.52586,True,3956.3939999999984,498493279,499237864,粤B0AA56,114.018303,22.5254,2014-07-06 04:54:04,0,0.0
26,294432.0,15007,0,0.09234828496042216,114.018673,22.52586,True,3956.3939999999984,498493279,499237864,粤B0AA56,114.018303,22.5254,2014-07-06 04:54:34,0,0.0
27,1086278.0,56561,0,0.9384236453201971,114.018071,22.526505,True,4235.509,5435914335,498491817,粤B0AA56,114.017403,22.5259,2014-07-06 04:55:42,9,107.8719355137227
28,294418.0,15007,0,0.055408970976253295,114.017605,22.526762,True,3956.3939999999984,498493279,499237864,粤B0AA56,114.017502,22.526699,2014-07-06 04:56:06,0,89.42487090968487
29,294418.0,15007,0,0.055408970976253295,114.017605,22.526762,True,3956.3939999999984,498493279,499237864,粤B0AA56,114.017502,22.526699,2014-07-06 04:56:17,5,0.0
30,162688.0,7915,1,0.0,114.022918,22.524311,False,20.231,2323527358,7701171879,粤B0AA56,114.022797,22.524799,2014-07-06 04:57:13,19,583.453038501852
31,166684.0,8140,0,0.13636363636363635,114.02461,22.52336,True,235.526,2323527546,2323527358,粤B0AA56,114.024597,22.523399,2014-07-06 04:57:43,0,241.69393330697517
32,165116.0,8018,0,0.3076923076923077,114.025884,22.524293,False,133.564,2323527428,2323527537,粤B0AA56,114.025803,22.5243,2014-07-06 04:58:43,9,159.31626254048652
33,165123.0,8018,0,0.8461538461538461,114.026383,22.524742,False,133.564,2323527428,2323527537,粤B0AA56,114.026398,22.5247,2014-07-06 04:59:21,4,75.58584437780264
34,162556.0,7906,0,0.8095238095238095,114.026896,22.525032,False,225.382,2323527344,2323527537,粤B0AA56,114.026901,22.525,2014-07-06 04:59:51,0,61.49792293855164
35,162549.0,7906,0,0.47619047619047616,114.027315,22.525496,False,225.382,2323527344,2323527537,粤B0AA56,114.0271,22.525499,2014-07-06 05:00:51,0,59.1313463028236
36,162549.0,7906,0,0.47619047619047616,114.027315,22.525496,False,225.382,2323527344,2323527537,粤B0AA56,114.0271,22.525499,2014-07-06 05:01:29,0,0.0
37,162549.0,7906,0,0.47619047619047616,114.027315,22.525496,False,225.382,2323527344,2323527537,粤B0AA56,114.0271,22.525499,2014-07-06 05:01:59,0,0.0
38,162495.0,7905,1,0.0,114.027105,22.526464,False,440.24600000000004,2323527344,2323527976,粤B0AA56,114.027,22.5264,2014-07-06 05:02:29,8,100.71189114768484
39,162806.0,7925,0,0.18181818181818182,114.024951,22.527035,False,124.47,2323527380,2323527382,粤B0AA56,114.025002,22.5271,2014-07-06 05:03:31,0,219.48202120017154
40,162806.0,7925,0,0.18181818181818182,114.024951,22.527035,False,124.47,2323527380,2323527382,粤B0AA56,114.025002,22.5271,2014-07-06 05:04:01,0,0.0
41,162806.0,7925,0,0.18181818181818182,114.024951,22.527035,False,124.47,2323527380,2323527382,粤B0AA56,114.025002,22.5271,2014-07-06 05:04:31,0,0.0
42,162845.0,7928,0,0.75,114.02515,22.52801,False,127.744,2323527380,2323527467,粤B0AA56,114.0252,22.528,2014-07-06 05:05:01,13,102.12100541923871
43,165443.0,8041,0,0.46875,114.024613,22.529601,False,347.952,2323527467,2323527544,粤B0AA56,114.024597,22.5296,2014-07-06 05:05:39,10,188.38397301353316
44,165455.0,8041,0,0.84375,114.024408,22.530767,False,347.952,2323527467,2323527544,粤B0AA56,114.0243,22.5308,2014-07-06 05:06:09,11,136.8765006599912
45,376313.0,19352,0,0.125,114.024198,22.531403,True,77.863,6020564649,498877573,粤B0AA56,114.0242,22.5313,2014-07-06 05:06:39,0,56.53826451853642
46,211207.0,10610,0,0.21052631578947367,114.027731,22.530297,True,200.88200000000003,498877516,498857714,粤B0AA56,114.027702,22.5303,2014-07-06 05:07:09,14,376.47898784982146
47,1443547.0,74038,0,0.6,114.025526,22.53161,True,379.867,498857714,498867822,粤B0AA56,114.025497,22.531601,2014-07-06 05:07:47,30,268.7320952220961
48,328331.0,16856,2,1.0,114.021902,22.54572,True,13.508,1116501288,5187499059,粤B0AA56,114.022003,22.5457,2014-07-06 05:09:17,29,1608.2829281214497
49,750569.0,38396,0,0.3188405797101449,114.016523,22.55397,True,762.203,1116534787,5273698158,粤B0AA56,114.016502,22.5539,2014-07-06 05:10:18,40,1072.6191527140268
50,750187.0,38361,0,0.02702702702702703,114.015113,22.558835,True,405.87700000000007,1116534740,1476460562,粤B0AA56,114.015099,22.5588,2014-07-06 05:10:48,34,563.5821688653866
51,775151.0,40010,0,0.4722222222222222,114.014238,22.564038,True,403.543,1476460562,1476460614,粤B0AA56,114.014297,22.5641,2014-07-06 05:11:18,35,595.0601434841951
52,776572.0,40064,0,0.13574660633484162,114.012311,22.56854,True,2441.7690000000002,1476460614,2364215020,粤B0AA56,114.012299,22.568501,2014-07-06 05:11:56,28,530.6338204886548
53,776586.0,40064,0,0.19909502262443438,114.011552,22.569719,True,2441.7690000000002,1476460614,2364215020,粤B0AA56,114.011597,22.5697,2014-07-06 05:12:26,0,151.56076087843564
54,776586.0,40064,0,0.19909502262443438,114.011552,22.569719,True,2441.7690000000002,1476460614,2364215020,粤B0AA56,114.011597,22.5697,2014-07-06 05:12:56,0,0.0
55,776586.0,40064,0,0.19909502262443438,114.011552,22.569719,True,2441.7690000000002,1476460614,2364215020,粤B0AA56,114.011597,22.5697,2014-07-06 05:13:26,0,0.0
56,821181.0,42459,0,0.8840579710144928,114.01408,22.590549,True,729.683,2364215020,3810830365,粤B0AA56,114.014099,22.5905,2014-07-06 05:15:06,20,2327.0796583573783
57,358381.0,18319,2,1.0,114.024832,22.594246,True,1014.1380000000001,2308734557,2308739237,粤B0AA56,114.024803,22.5942,2014-07-06 05:16:05,45,1173.3879517425682
58,396791.0,20524,0,0.4293785310734463,114.032393,22.594617,True,1826.304,2308739237,1943411077,粤B0AA56,114.032402,22.5947,2014-07-06 05:16:35,40,782.096351038024
59,396852.0,20524,0,0.7740112994350282,114.038367,22.593359,True,1826.304,2308739237,1943411077,粤B0AA56,114.038399,22.5933,2014-07-06 05:17:05,41,635.0340429967378
60,72822.0,3626,0,0.21100917431192662,114.044506,22.592048,True,1116.463,1943411077,1943411073,粤B0AA56,114.044502,22.592199,2014-07-06 05:17:35,42,638.3940619377532
61,72901.0,3626,0,0.9357798165137615,114.052361,22.592575,True,1116.463,1943411077,1943411073,粤B0AA56,114.052399,22.5926,2014-07-06 05:18:21,0,811.9478813713149
62,72536.0,3620,0,0.2033898305084746,114.056675,22.595606,True,2523.4760000000006,1943411073,6796972977,粤B0AA56,114.056702,22.5956,2014-07-06 05:18:50,37,553.5537858153351
63,72647.0,3620,0,0.673728813559322,114.06199,22.605001,True,2523.4760000000006,1943411073,6796972977,粤B0AA56,114.061996,22.605,2014-07-06 05:19:46,41,1178.0766194785253
64,72666.0,3620,0,0.7542372881355932,114.063709,22.605803,True,2523.4760000000006,1943411073,6796972977,粤B0AA56,114.063698,22.6059,2014-07-06 05:20:14,42,201.34601558954319
65,94359.0,4497,0,0.9047619047619048,114.070192,22.613777,True,216.659,3111788395,7460143868,粤B0AA56,114.070099,22.613701,2014-07-06 05:21:24,28,1088.1928366146917
66,1218530.0,62977,0,0.8636363636363636,114.067619,22.617374,True,240.67000000000002,6796979312,3960223081,粤B0AA56,114.067596,22.617399,2014-07-06 05:21:54,12,484.8637408863473
67,155412.0,7553,0,0.41304347826086957,114.065287,22.619384,False,471.922,3960223085,3401513581,粤B0AA56,114.0653,22.619499,2014-07-06 05:23:25,34,331.76191511182043
68,641197.0,32872,0,0.9375,114.062391,22.619339,False,324.84,2445728290,3401513581,粤B0AA56,114.062401,22.619499,2014-07-06 05:23:55,0,297.5588265702594
69,641197.0,32872,0,0.9375,114.062391,22.619339,False,324.84,2445728290,3401513581,粤B0AA56,114.062401,22.619499,2014-07-06 05:24:38,0,0.0
70,641169.0,32872,0,0.0625,114.059622,22.619294,False,324.84,2445728290,3401513581,粤B0AA56,114.059601,22.6194,2014-07-06 05:25:38,0,287.60813428224606
71,989904.0,51357,0,0.6521739130434783,114.055815,22.62076,True,260.483,1947291349,2361685690,粤B0AA56,114.055801,22.6208,2014-07-06 05:26:56,34,419.9563534078957
72,989788.0,51350,0,0.3125,114.055709,22.625583,True,173.468,1947291341,2361685675,粤B0AA56,114.055702,22.625601,2014-07-06 05:27:26,33,533.9442764541674
73,361088.0,18480,0,0.6363636363636364,114.055587,22.630993,True,126.96499999999999,7248969724,2360898433,粤B0AA56,114.055603,22.631001,2014-07-06 05:28:26,34,600.5393986455872
74,324757.0,16669,0,0.85,114.055534,22.633123,True,224.376,2360898433,2360898375,粤B0AA56,114.055496,22.633101,2014-07-06 05:28:58,0,233.7677534486966
75,935529.0,48326,0,0.8666666666666667,114.058282,22.637694,True,158.853,3902880238,1878561965,粤B0AA56,114.058296,22.637699,2014-07-06 05:29:58,19,586.4982465972098
76,401677.0,20802,0,0.7435897435897436,114.061114,22.638789,True,402.32099999999997,1878561965,6814118357,粤B0AA56,114.061096,22.6388,2014-07-06 05:30:28,16,312.3503425871965
77,911149.0,47043,0,0.6,114.062383,22.638871,True,47.209999999999994,6814118357,6796972965,粤B0AA56,114.062401,22.638901,2014-07-06 05:31:12,0,134.39885806035977
78,911149.0,47043,0,0.6,114.062383,22.638871,True,47.209999999999994,6814118357,6796972965,粤B0AA56,114.062401,22.638901,2014-07-06 05:31:42,0,0.0
79,910710.0,47027,0,0.018867924528301886,114.062492,22.639369,True,580.605,6814118352,6796972921,粤B0AA56,114.0625,22.6394,2014-07-06 05:32:12,17,56.40888222700461
80,910746.0,47027,0,0.6981132075471698,114.06115,22.642677,True,580.605,6814118352,6796972921,粤B0AA56,114.061501,22.6427,2014-07-06 05:32:42,15,380.9970159684723
81,234303.0,11859,0,0.022727272727272728,114.065665,22.642394,True,479.901,6814059473,6814118349,粤B0AA56,114.065598,22.642401,2014-07-06 05:34:25,4,421.7657454764554
82,911202.0,47045,0,0.5128205128205128,114.060087,22.638714,True,404.16799999999995,6814118356,6814118292,粤B0AA56,114.060097,22.638599,2014-07-06 05:36:27,21,705.2958015918675
83,909101.0,46947,0,0.3103448275862069,114.057647,22.637404,True,300.236,6814118292,6814118377,粤B0AA56,114.057701,22.6373,2014-07-06 05:36:57,20,285.182255140136
84,909342.0,46959,0,0.5,114.055495,22.636041,True,19.102,6814118308,6814118298,粤B0AA56,114.055496,22.636,2014-07-06 05:38:40,12,268.52584774389874
85,1419322.0,72758,0,0.9166666666666666,114.055405,22.633622,True,265.058,2362306147,1755866365,粤B0AA56,114.055496,22.6336,2014-07-06 05:39:48,0,266.8681925599956
86,286711.0,14605,0,0.05,114.05541,22.633322,True,225.196,1755866365,2360898297,粤B0AA56,114.055496,22.633301,2014-07-06 05:40:18,0,33.24732899007777
87,286711.0,14605,0,0.05,114.05541,22.633322,True,225.196,1755866365,2360898297,粤B0AA56,114.055496,22.633301,2014-07-06 05:40:48,0,0.0
88,286711.0,14605,0,0.05,114.05541,22.633322,True,225.196,1755866365,2360898297,粤B0AA56,114.055496,22.633301,2014-07-06 05:41:50,0,0.0
89,286711.0,14605,0,0.05,114.05541,22.633322,True,225.196,1755866365,2360898297,粤B0AA56,114.055496,22.633301,2014-07-06 05:42:50,0,0.0
90,286711.0,14605,0,0.05,114.05541,22.633322,True,225.196,1755866365,2360898297,粤B0AA56,114.055496,22.633301,2014-07-06 05:43:20,0,0.0
91,286711.0,14605,0,0.05,114.05541,22.633322,True,225.196,1755866365,2360898297,粤B0AA56,114.055496,22.633301,2014-07-06 05:44:29,0,0.0
92,286711.0,14605,0,0.05,114.05541,22.633322,True,225.196,1755866365,2360898297,粤B0AA56,114.055496,22.633301,2014-07-06 05:44:59,0,0.0
93,286711.0,14605,0,0.05,114.05541,22.633322,True,225.196,1755866365,2360898297,粤B0AA56,114.055496,22.633301,2014-07-06 05:45:29,0,0.0
94,286711.0,14605,0,0.05,114.05541,22.633322,True,225.196,1755866365,2360898297,粤B0AA56,114.055496,22.633301,2014-07-06 05:46:06,0,0.0
95,286730.0,14605,2,1.0,114.055454,22.631398,True,225.196,1755866365,2360898297,粤B0AA56,114.055496,22.631399,2014-07-06 05:46:36,25,211.49304260436676
96,603813.0,30808,0,0.4,114.055483,22.630163,True,56.122,4806856697,5205340630,粤B0AA56,114.055603,22.630199,2014-07-06 05:47:06,0,133.88524011785387
97,1069929.0,55612,0,0.14285714285714285,114.049444,22.622036,True,149.586,3844436853,2308734597,粤B0AA56,114.0495,22.622,2014-07-06 05:50:15,15,1106.1394527419257
98,276665.0,14100,2,1.0,114.050609,22.622498,False,314.408,2361679658,2308734642,粤B0AA56,114.050598,22.622499,2014-07-06 05:50:45,13,125.61725410350981
99,276560.0,14096,0,0.9166666666666666,114.055395,22.625124,False,248.581,2361679657,1878561926,粤B0AA56,114.055397,22.625099,2014-07-06 05:52:54,0,571.1403434912821
100,276560.0,14096,0,0.9166666666666666,114.055395,22.625124,False,248.581,2361679657,1878561926,粤B0AA56,114.055397,22.625099,2014-07-06 05:53:24,0,0.0
101,331819.0,17021,0,0.6363636363636364,114.055641,22.628558,True,121.851,2361685677,7248969725,粤B0AA56,114.055702,22.628599,2014-07-06 05:53:54,24,390.439731150041
102,361083.0,18480,0,0.18181818181818182,114.055599,22.630474,True,126.96499999999999,7248969724,2360898433,粤B0AA56,114.055603,22.630501,2014-07-06 05:54:25,34,211.73698071912514
103,324207.0,16629,0,0.9565217391304348,114.055502,22.635627,True,255.918,2360898375,6814118367,粤B0AA56,114.055397,22.635599,2014-07-06 05:54:55,0,567.2666419714049
104,324207.0,16629,0,0.9565217391304348,114.055502,22.635627,True,255.918,2360898375,6814118367,粤B0AA56,114.055397,22.635599,2014-07-06 05:55:25,0,0.0
105,402723.0,20852,1,0.0,114.056406,22.636462,False,200.246,1878562013,3902880240,粤B0AA56,114.056396,22.6364,2014-07-06 05:56:40,0,135.81144719209638
106,402750.0,20853,0,0.7777777777777778,114.057015,22.636863,True,98.678,1878562013,3902880238,粤B0AA56,114.056999,22.6369,2014-07-06 05:57:10,22,83.19183330197141
107,401649.0,20802,0,0.02564102564102564,114.058534,22.637859,True,402.32099999999997,1878561965,6814118357,粤B0AA56,114.058502,22.637899,2014-07-06 05:57:40,4,190.08655155113343
108,1419302.0,72758,0,0.08333333333333333,114.055376,22.635608,True,265.058,2362306147,1755866365,粤B0AA56,114.055397,22.635599,2014-07-06 05:58:56,23,408.5994815639883
109,1419322.0,72758,0,0.9166666666666666,114.055405,22.633622,True,265.058,2362306147,1755866365,粤B0AA56,114.055397,22.6336,2014-07-06 05:59:26,0,222.27896538652024
110,323814.0,16601,0,0.6,114.055469,22.630778,True,115.004,2360898297,4806856697,粤B0AA56,114.055496,22.6308,2014-07-06 05:59:56,25,311.51197337982245
111,603814.0,30808,0,0.6,114.055486,22.630062,True,56.122,4806856697,5205340630,粤B0AA56,114.055397,22.6301,2014-07-06 06:00:26,0,78.49694297991337
112,603814.0,30808,0,0.6,114.055486,22.630062,True,56.122,4806856697,5205340630,粤B0AA56,114.055397,22.6301,2014-07-06 06:00:57,0,0.0
113,332397.0,17057,0,0.8125,114.055589,22.625395,True,173.224,2361685692,1878561926,粤B0AA56,114.055496,22.625401,2014-07-06 06:01:57,11,522.6044702999108
114,276510.0,14095,0,0.06896551724137931,114.05299,22.625342,False,293.955,2361679657,2361679658,粤B0AA56,114.053001,22.625299,2014-07-06 06:02:27,13,256.33165224090436
115,276525.0,14095,0,0.5862068965517241,114.051509,22.625319,False,293.955,2361679657,2361679658,粤B0AA56,114.051498,22.625299,2014-07-06 06:03:05,18,154.26424654351626
116,276651.0,14100,0,0.5,114.05036,22.623885,False,314.408,2361679658,2308734642,粤B0AA56,114.050301,22.623899,2014-07-06 06:03:35,25,198.31326734916627
117,1069454.0,55587,0,0.19047619047619047,114.048594,22.621865,True,215.176,3844436782,2308734574,粤B0AA56,114.048599,22.621901,2014-07-06 06:04:05,24,282.6231977039277
118,358506.0,18325,0,0.3787878787878788,114.044594,22.62063,True,684.193,2308734574,2358643066,粤B0AA56,114.044601,22.6206,2014-07-06 06:04:35,35,435.1100985073753
119,1094957.0,56989,0,0.819672131147541,114.04074,22.618146,True,659.4540000000001,2358606410,2358643068,粤B0AA56,114.040703,22.618099,2014-07-06 06:05:05,16,487.25538447196504
120,1095194.0,56995,0,0.5714285714285714,114.040221,22.611479,True,615.6960000000001,2358606414,6037957238,粤B0AA56,114.040199,22.6115,2014-07-06 06:06:35,14,735.5977440679892
121,1095197.0,56995,0,0.625,114.040341,22.611204,True,615.6960000000001,2358606414,6037957238,粤B0AA56,114.040298,22.6112,2014-07-06 06:07:37,0,34.8720575159455
122,1411546.0,72414,0,0.6,114.038767,22.607579,True,50.207,6037957292,2308805040,粤B0AA56,114.038803,22.607599,2014-07-06 06:10:09,0,428.81371461481285
123,1411428.0,72406,0,0.8636363636363636,114.040185,22.605248,True,242.216,6037957265,5192381659,粤B0AA56,114.040199,22.6052,2014-07-06 06:10:39,21,302.8112913747898
124,1400497.0,71915,0,0.5,114.041993,22.603103,True,63.528999999999996,6037956813,2308719949,粤B0AA56,114.042,22.6031,2014-07-06 06:11:09,6,297.83701140166335
125,306379.0,15691,0,0.5,114.04332,22.601462,True,67.407,2308730206,581073548,粤B0AA56,114.043297,22.6015,2014-07-06 06:11:47,11,222.21572668445057
126,306381.0,15691,0,0.8333333333333334,114.043411,22.601277,True,67.407,2308730206,581073548,粤B0AA56,114.043297,22.6012,2014-07-06 06:12:47,0,33.35852407039732
127,306381.0,15691,0,0.8333333333333334,114.043411,22.601277,True,67.407,2308730206,581073548,粤B0AA56,114.043297,22.6012,2014-07-06 06:13:17,0,0.0
128,306381.0,15691,0,0.8333333333333334,114.043411,22.601277,True,67.407,2308730206,581073548,粤B0AA56,114.043297,22.6012,2014-07-06 06:13:55,0,0.0
129,306381.0,15691,0,0.8333333333333334,114.043411,22.601277,True,67.407,2308730206,581073548,粤B0AA56,114.043297,22.6012,2014-07-06 06:14:25,0,0.0
130,306381.0,15691,0,0.8333333333333334,114.043411,22.601277,True,67.407,2308730206,581073548,粤B0AA56,114.043297,22.6012,2014-07-06 06:14:55,0,0.0
131,306381.0,15691,0,0.8333333333333334,114.043411,22.601277,True,67.407,2308730206,581073548,粤B0AA56,114.043297,22.6012,2014-07-06 06:15:56,0,0.0
132,306381.0,15691,0,0.8333333333333334,114.043411,22.601277,True,67.407,2308730206,581073548,粤B0AA56,114.043297,22.6012,2014-07-06 06:16:26,0,0.0
133,306381.0,15691,0,0.8333333333333334,114.043411,22.601277,True,67.407,2308730206,581073548,粤B0AA56,114.043297,22.6012,2014-07-06 06:16:56,0,0.0
134,306381.0,15691,0,0.8333333333333334,114.043411,22.601277,True,67.407,2308730206,581073548,粤B0AA56,114.043297,22.6012,2014-07-06 06:17:26,0,0.0
135,306381.0,15691,0,0.8333333333333334,114.043411,22.601277,True,67.407,2308730206,581073548,粤B0AA56,114.043297,22.6012,2014-07-06 06:18:03,0,0.0
136,306381.0,15691,0,0.8333333333333334,114.043411,22.601277,True,67.407,2308730206,581073548,粤B0AA56,114.043297,22.6012,2014-07-06 06:18:33,0,0.0
137,306381.0,15691,0,0.8333333333333334,114.043411,22.601277,True,67.407,2308730206,581073548,粤B0AA56,114.043297,22.6012,2014-07-06 06:19:03,0,0.0
138,306381.0,15691,0,0.8333333333333334,114.043411,22.601277,True,67.407,2308730206,581073548,粤B0AA56,114.043297,22.6012,2014-07-06 06:20:10,0,0.0
139,348691.0,17851,0,0.2222222222222222,114.043489,22.600984,True,99.91899999999998,581073548,581073550,粤B0AA56,114.043404,22.601,2014-07-06 06:21:40,0,24.803737636402715
140,348691.0,17851,0,0.2222222222222222,114.043489,22.600984,True,99.91899999999998,581073548,581073550,粤B0AA56,114.043404,22.601,2014-07-06 06:22:41,0,0.0
141,348691.0,17851,0,0.2222222222222222,114.043489,22.600984,True,99.91899999999998,581073548,581073550,粤B0AA56,114.043404,22.601,2014-07-06 06:23:11,0,0.0
142,348691.0,17851,0,0.2222222222222222,114.043489,22.600984,True,99.91899999999998,581073548,581073550,粤B0AA56,114.043404,22.601,2014-07-06 06:23:41,0,0.0
143,348691.0,17851,0,0.2222222222222222,114.043489,22.600984,True,99.91899999999998,581073548,581073550,粤B0AA56,114.043404,22.601,2014-07-06 06:24:20,0,0.0
144,348691.0,17851,0,0.2222222222222222,114.043489,22.600984,True,99.91899999999998,581073548,581073550,粤B0AA56,114.043404,22.601,2014-07-06 06:24:50,0,0.0
145,348691.0,17851,0,0.2222222222222222,114.043489,22.600984,True,99.91899999999998,581073548,581073550,粤B0AA56,114.043404,22.601,2014-07-06 06:25:20,0,0.0
146,348802.0,17855,0,0.5789473684210527,114.045031,22.597065,True,622.4999999999999,581073551,2308765271,粤B0AA56,114.044998,22.597099,2014-07-06 06:26:32,5,463.6105339412978
147,269445.0,13732,0,0.31386861313868614,114.053008,22.586117,True,1488.636,504650814,504650854,粤B0AA56,114.052902,22.5861,2014-07-06 06:28:02,33,1467.739214130945
148,269521.0,13732,0,0.8686131386861314,114.055969,22.579213,True,1488.636,504650814,504650854,粤B0AA56,114.055901,22.579201,2014-07-06 06:28:34,27,826.6206199362782
149,270490.0,13758,0,0.803030303030303,114.062796,22.577719,True,678.2209999999999,504650854,504650862,粤B0AA56,114.062798,22.5777,2014-07-06 06:29:34,37,727.5356553243988
150,365769.0,18765,0,0.8,114.066196,22.575051,False,107.418,1722057336,1722057345,粤B0AA56,114.0662,22.575001,2014-07-06 06:30:04,22,460.5190928766561
151,365764.0,18765,0,0.3,114.065756,22.574789,False,107.418,1722057336,1722057345,粤B0AA56,114.065804,22.5748,2014-07-06 06:30:49,0,46.397362461038334
152,365788.0,18766,0,0.8888888888888888,114.064089,22.573831,False,190.736,1722057336,1722057344,粤B0AA56,114.064102,22.573799,2014-07-06 06:31:19,5,207.19072705364556
153,365686.0,18760,0,0.4444444444444444,114.06109,22.574518,False,88.305,1722057334,1722057337,粤B0AA56,114.061096,22.574499,2014-07-06 06:31:43,0,318.3066648106985
154,365686.0,18760,0,0.4444444444444444,114.06109,22.574518,False,88.305,1722057334,1722057337,粤B0AA56,114.061096,22.574499,2014-07-06 06:31:49,0,0.0
155,365686.0,18760,0,0.4444444444444444,114.06109,22.574518,False,88.305,1722057334,1722057337,粤B0AA56,114.061096,22.574499,2014-07-06 06:32:02,26,0.0
156,461772.0,23854,0,0.03571428571428571,114.058563,22.57593,False,294.647,409381085,2311661728,粤B0AA56,114.058601,22.575899,2014-07-06 06:33:01,7,299.7652409900507
157,461581.0,23849,0,0.125,114.053976,22.576082,False,265.34299999999996,409381079,2311667555,粤B0AA56,114.054001,22.576099,2014-07-06 06:34:01,14,472.8251847111618
158,300590.0,15322,0,0.7692307692307693,114.05411,22.56872,False,149.464,4315573132,2311680488,粤B0AA56,114.0541,22.568701,2014-07-06 06:35:33,14,822.68400511026
159,1065973.0,55436,0,0.6666666666666666,114.054132,22.567605,False,134.239,2311680488,297383888,粤B0AA56,114.0541,22.5676,2014-07-06 06:36:03,0,122.42578333738199
160,931856.0,48089,0,0.8461538461538461,114.048945,22.567329,False,130.04,2535929958,297383882,粤B0AA56,114.048897,22.567301,2014-07-06 06:37:44,9,535.2811724795224
161,297591.0,15162,0,0.9444444444444444,114.048802,22.569575,False,194.93699999999998,4315572832,2535930039,粤B0AA56,114.048698,22.569599,2014-07-06 06:38:14,6,256.3419732862955
162,297576.0,15162,0,0.1111111111111111,114.04877,22.568115,False,194.93699999999998,4315572832,2535930039,粤B0AA56,114.048798,22.5681,2014-07-06 06:38:44,3,166.99739111131188
163,297596.0,15163,0,0.5,114.048758,22.56763,False,64.498,4315572832,297383882,粤B0AA56,114.048798,22.5676,2014-07-06 06:39:25,11,55.59754011697518
164,337955.0,17371,0,0.075,114.048202,22.565534,True,415.70799999999997,1722054726,2368579115,粤B0AA56,114.048203,22.5655,2014-07-06 06:39:55,21,241.36987093326084
165,1205610.0,62498,0,0.7777777777777778,114.043807,22.564921,True,98.246,2368579115,1722054714,粤B0AA56,114.0438,22.564899,2014-07-06 06:40:25,33,457.02286036301984
166,475972.0,24395,0,0.35714285714285715,114.038959,22.56352,True,144.421,549760239,1342323047,粤B0AA56,114.039001,22.563499,2014-07-06 06:40:55,35,516.7809674889364
167,476066.0,24399,0,0.6190476190476191,114.030416,22.561945,True,868.904,549760265,549760714,粤B0AA56,114.030403,22.561899,2014-07-06 06:41:26,42,900.626503492435
168,481725.0,24629,0,0.8857142857142857,114.024222,22.560805,True,358.659,549760714,1476460505,粤B0AA56,114.0242,22.560801,2014-07-06 06:41:56,41,648.5523221101389
169,474294.0,24309,1,0.0,114.014342,22.560249,True,159.602,499559430,5273698063,粤B0AA56,114.014297,22.56030100000001,2014-07-06 06:42:56,21,1018.416513792856
170,466470.0,24004,0,0.42105263157894735,114.014793,22.559812,True,211.986,499558934,1116534624,粤B0AA56,114.014801,22.559799,2014-07-06 06:43:40,38,76.12046566166036
171,326793.0,16766,0,0.375,114.021303,22.547239,True,85.403,1116501220,1116534605,粤B0AA56,114.021301,22.547199,2014-07-06 06:44:40,38,1551.9372264468604
172,254208.0,12929,0,0.09523809523809523,114.021115,22.539336,True,217.128,498882152,1116534750,粤B0AA56,114.021103,22.539301,2014-07-06 06:45:54,30,878.4541236256395
173,1360456.0,70124,0,0.4,114.011909,22.537674,True,467.54099999999994,5981068402,498497854,粤B0AA56,114.011902,22.5376,2014-07-06 06:46:54,35,963.7070865159574
174,342673.0,17635,0,0.8888888888888888,114.005315,22.53656,True,458.892,498497854,5659860843,粤B0AA56,114.005302,22.536501,2014-07-06 06:47:24,42,688.7694329439935
175,555692.0,28524,0,0.3230769230769231,113.994227,22.534965,True,671.79,2458960409,277183820,粤B0AA56,113.994202,22.534901,2014-07-06 06:48:55,42,1153.8170414680596
176,1103512.0,57437,0,0.42105263157894735,113.989149,22.536055,True,193.917,277183820,2458960427,粤B0AA56,113.989098,22.535999,2014-07-06 06:50:10,26,538.2342930063643
177,556654.0,28584,0,0.9130434782608695,113.983516,22.536464,True,237.952,2458960449,5710824456,粤B0AA56,113.983498,22.5364,2014-07-06 06:50:40,37,576.8679919722032
178,630899.0,32216,0,0.6341463414634146,113.980384,22.53617,True,425.239,2398279278,5710824440,粤B0AA56,113.9804,22.5359,2014-07-06 06:51:10,11,322.99793451335387
179,630892.0,32216,0,0.4634146341463415,113.979678,22.536187,True,425.239,2398279278,5710824440,粤B0AA56,113.979698,22.5359,2014-07-06 06:51:40,0,72.09833177271098
180,630892.0,32216,0,0.4634146341463415,113.979678,22.536187,True,425.239,2398279278,5710824440,粤B0AA56,113.979698,22.5359,2014-07-06 06:52:27,0,0.0
181,630900.0,32216,0,0.6585365853658537,113.980485,22.536168,True,425.239,2398279278,5710824440,粤B0AA56,113.980499,22.535999,2014-07-06 06:52:57,12,82.99927890603017
182,630912.0,32216,0,0.9512195121951219,113.981696,22.536133,True,425.239,2398279278,5710824440,粤B0AA56,113.981697,22.535999,2014-07-06 06:53:27,0,123.03951500755709
183,441177.0,22902,0,0.35714285714285715,113.979874,22.537283,False,447.903,5773763129,1116415377,粤B0AA56,113.980003,22.5373,2014-07-06 06:54:28,13,226.26736468481164
184,321083.0,16511,0,0.9333333333333333,113.979176,22.539586,False,158.41500000000002,6520467883,1116415169,粤B0AA56,113.979202,22.539499,2014-07-06 06:54:58,2,257.98546550774324
185,440954.0,22894,0,0.23076923076923078,113.982215,22.539468,False,130.418,5773763126,5773763127,粤B0AA56,113.982201,22.539499,2014-07-06 06:55:28,7,308.00179597015097
186,409209.0,21185,0,0.5,113.986931,22.539237,False,156.092,5169911624,5169912143,粤B0AA56,113.9869,22.5392,2014-07-06 06:57:17,14,483.7387628241899
187,409200.0,21184,0,0.9411764705882353,113.986977,22.541481,False,183.476,5169911624,1116415481,粤B0AA56,113.987,22.5415,2014-07-06 06:57:47,6,255.954809138792
188,396259.0,20500,0,0.1111111111111111,113.986108,22.543095,False,296.849,4337209490,5195247203,粤B0AA56,113.986099,22.5431,2014-07-06 06:58:17,18,200.53660139743027
189,879627.0,45397,0,0.75,113.98426,22.545161,False,203.253,1116415399,5195247203,粤B0AA56,113.9842,22.545099,2014-07-06 06:58:47,15,295.7062079074849
190,879655.0,45398,0,0.9166666666666666,113.981392,22.547012,False,258.31,1116415399,1116415551,粤B0AA56,113.9814,22.547001,2014-07-06 06:59:17,11,356.95185389204835
191,396263.0,20500,0,0.25925925925925924,113.986066,22.5435,False,296.849,4337209490,5195247203,粤B0AA56,113.986,22.54350100000001,2014-07-06 07:00:17,18,612.0717352516302
192,879287.0,45374,0,0.5714285714285714,113.987307,22.541515,False,75.413,1116415365,1116415481,粤B0AA56,113.987297,22.541401,2014-07-06 07:00:47,15,268.8294451896361
193,440954.0,22894,0,0.23076923076923078,113.982215,22.539468,False,130.418,5773763126,5773763127,粤B0AA56,113.982201,22.539499,2014-07-06 07:00:51,0,564.4806304195264
194,396476.0,20513,0,0.36363636363636365,113.989928,22.541586,False,114.795,5169909909,2184437904,粤B0AA56,113.989899,22.541599,2014-07-06 07:02:04,19,824.3539983140747
195,409376.0,21201,0,0.3548387096774194,113.991819,22.540417,True,339.19100000000003,5169911634,5305371301,粤B0AA56,113.991798,22.5404,2014-07-06 07:02:34,28,236.2433646237003
196,1132833.0,58865,0,0.2,113.992083,22.540128,True,57.648,5305371300,5305371311,粤B0AA56,113.992104,22.5401,2014-07-06 07:03:04,19,45.830287610416576
197,1132698.0,58862,0,0.6,113.991741,22.542534,True,106.77900000000001,5305371295,1116415431,粤B0AA56,113.991798,22.5425,2014-07-06 07:03:34,15,268.71219047670803
198,1377176.0,70862,0,0.4507042253521127,113.995735,22.545086,True,734.0810000000001,2184437920,2184437943,粤B0AA56,113.995697,22.545099,2014-07-06 07:04:05,26,493.81718177975404
199,1056647.0,54900,0,0.16666666666666666,114.001828,22.546361,True,433.0550000000001,2528997110,5981068147,粤B0AA56,114.001801,22.546301,2014-07-06 07:04:35,25,640.9522284130951
200,879655.0,45398,0,0.9166666666666666,113.981392,22.547012,False,258.31,1116415399,1116415551,粤B0AA56,113.9814,22.547001,2014-07-06 07:04:52,0,2096.5501018026707
201,1354689.0,69806,0,0.7777777777777778,114.005883,22.548433,True,99.318,5981068144,2528997044,粤B0AA56,114.005898,22.548401,2014-07-06 07:05:05,22,2520.6435421562037
202,68274.0,3426,0,0.42857142857142855,114.008148,22.548491,True,222.943,5269756012,2532185324,粤B0AA56,114.008102,22.5485,2014-07-06 07:05:35,20,226.6069682551144
203,68284.0,3426,0,0.9047619047619048,114.009027,22.547989,True,222.943,5269756012,2532185324,粤B0AA56,114.009003,22.548,2014-07-06 07:06:57,0,107.9469838667044
204,103549.0,4940,0,0.13793103448275862,114.009858,22.547279,True,317.41,2753438336,2532185277,粤B0AA56,114.009804,22.5473,2014-07-06 07:07:27,29,113.24786810085064
205,71897.0,3592,0,0.5,114.014642,22.539752,False,245.378,5269756230,1116503130,粤B0AA56,114.014603,22.5397,2014-07-06 07:09:13,22,978.2974730308173
206,71900.0,3592,0,0.625,114.014935,22.539803,False,245.378,5269756230,1116503130,粤B0AA56,114.0149,22.540001,2014-07-06 07:09:17,0,45.283666236967704
207,71907.0,3592,0,0.9166666666666666,114.01562,22.539922,False,245.378,5269756230,1116503130,粤B0AA56,114.015602,22.5399,2014-07-06 07:09:44,15,72.96569840220965
208,327363.0,16808,0,0.045454545454545456,114.015565,22.541697,False,224.32,1116501264,1116501278,粤B0AA56,114.015602,22.5417,2014-07-06 07:10:05,9,200.15114442026191
209,326721.0,16760,2,1.0,114.020437,22.542553,False,200.976,1116501214,1116501271,粤B0AA56,114.020401,22.542601,2014-07-06 07:10:35,7,502.9348534926786
210,1069444.0,55586,0,0.7058823529411765,114.022524,22.541471,True,187.672,3969348351,3969348335,粤B0AA56,114.022499,22.5415,2014-07-06 07:11:05,27,247.81587015414897
211,253341.0,12902,0,0.7142857142857143,114.023053,22.540954,True,155.221,498882102,498882100,粤B0AA56,114.022697,22.540899,2014-07-06 07:12:20,0,69.85350337669796
212,253299.0,12898,0,0.42857142857142855,114.022881,22.541614,True,72.586,498882100,1116501284,粤B0AA56,114.023003,22.541599,2014-07-06 07:12:35,21,83.94128492959328
213,103549.0,4940,0,0.13793103448275862,114.009858,22.547279,True,317.41,2753438336,2532185277,粤B0AA56,114.009804,22.5473,2014-07-06 07:12:52,0,1496.416312898188
214,328272.0,16851,0,0.75,114.022441,22.543751,True,269.358,1116501284,5187499101,粤B0AA56,114.022598,22.5438,2014-07-06 07:12:54,18,1370.332290487964
215,1001312.0,51913,0,0.88,114.024872,22.545326,True,257.903,3790295980,1116501282,粤B0AA56,114.024902,22.5453,2014-07-06 07:13:24,30,289.49390040701275
216,849857.0,43832,0,0.09523809523809523,114.034892,22.545595,True,233.54700000000003,3687651954,3687652007,粤B0AA56,114.034897,22.545601,2014-07-06 07:14:55,10,1027.0027553125176
217,328496.0,16868,0,0.42105263157894735,114.038362,22.544288,False,192.043,1116501304,2530284926,粤B0AA56,114.038399,22.544201,2014-07-06 07:16:25,8,391.8925578736892
218,8235.0,360,1,0.0,114.039821,22.544412,False,69.952,278659481,1116501304,粤B0AA56,114.039803,22.5445,2014-07-06 07:17:09,12,147.9713392971502
219,248428.0,12613,0,0.23076923076923078,114.040953,22.544118,False,148.88299999999998,1116492708,1116501186,粤B0AA56,114.041,22.5441,2014-07-06 07:17:39,0,130.72848723350504
220,248400.0,12610,2,1.0,114.042037,22.544443,False,194.28300000000002,1116492705,2042461668,粤B0AA56,114.041702,22.5441,2014-07-06 07:18:09,5,72.09404939648003
221,8147.0,354,0,0.0625,114.039921,22.546466,False,167.209,278659479,1116501272,粤B0AA56,114.039902,22.546499,2014-07-06 07:19:11,6,324.54682401648466
222,890185.0,45995,0,0.45454545454545453,114.032359,22.554393,True,237.375,3687655950,3687655951,粤B0AA56,114.032303,22.5543,2014-07-06 07:23:25,30,1166.7958009422518
223,1030023.0,53446,0,0.34615384615384615,114.028698,22.557164,True,270.291,295526971,295526981,粤B0AA56,114.028603,22.5571,2014-07-06 07:23:55,31,491.2221363579587
224,1152227.0,59720,2,1.0,114.02665,22.562938,False,137.848,2529006269,2529006318,粤B0AA56,114.026604,22.563,2014-07-06 07:24:56,21,687.414386342456
225,1153554.0,59788,0,0.7878787878787878,114.029226,22.563444,False,343.38399999999996,2529006318,2529006388,粤B0AA56,114.029198,22.563499,2014-07-06 07:25:26,8,272.0796962896975
226,1153267.0,59776,0,0.96875,114.030008,22.563641,False,331.87000000000006,2529006314,2529006388,粤B0AA56,114.029999,22.5637,2014-07-06 07:25:56,3,85.23213918294238
227,1153267.0,59776,0,0.96875,114.030008,22.563641,False,331.87000000000006,2529006314,2529006388,粤B0AA56,114.029999,22.5637,2014-07-06 07:26:43,0,0.0
228,1153267.0,59776,0,0.96875,114.030008,22.563641,False,331.87000000000006,2529006314,2529006388,粤B0AA56,114.029999,22.5637,2014-07-06 07:27:13,0,0.0
229,1153238.0,59776,0,0.0625,114.032749,22.564481,False,331.87000000000006,2529006314,2529006388,粤B0AA56,114.0327,22.564501,2014-07-06 07:28:13,19,291.2979517413441
230,175425.0,8561,0,0.4444444444444444,114.032824,22.563453,False,203.039,1342323104,2529006314,粤B0AA56,114.032898,22.5634,2014-07-06 07:28:58,24,124.10251373859728
231,175457.0,8562,0,0.5675675675675675,114.030659,22.562343,True,378.485,1342323104,5273689796,粤B0AA56,114.030701,22.5623,2014-07-06 07:29:58,23,256.6220364225714
232,91160.0,4376,2,1.0,114.026903,22.561721,True,228.252,5273689796,2529006269,粤B0AA56,114.026901,22.561701,2014-07-06 07:30:28,8,395.84591112371857
233,933148.0,48177,0,0.5,114.023899,22.561097,True,23.563,2535930025,3000208860,粤B0AA56,114.023903,22.5611,2014-07-06 07:31:00,5,315.0202781433716
234,850587.0,43879,0,0.16666666666666666,114.024708,22.561801,True,399.28999999999996,3687651995,3687655970,粤B0AA56,114.024696,22.5618,2014-07-06 07:31:30,26,112.64664135943129
235,53475.0,2624,2,1.0,114.027255,22.558122,False,90.762,2530612286,3687651983,粤B0AA56,114.027298,22.5581,2014-07-06 07:32:00,25,490.5692909880023
236,850459.0,43867,0,0.875,114.029846,22.556152,True,81.294,3687651980,2756964408,粤B0AA56,114.0299,22.5562,2014-07-06 07:32:30,21,340.6295958366174
237,890230.0,45998,0,0.4,114.033245,22.553496,True,105.813,3687655952,2365005147,粤B0AA56,114.033302,22.553499,2014-07-06 07:33:17,18,460.7053596996393
238,262992.0,13371,0,0.625,114.033844,22.551382,True,179.33499999999998,2323667267,2530244917,粤B0AA56,114.033798,22.551399,2014-07-06 07:33:47,7,239.00032678799198
239,1155704.0,59890,0,0.625,114.034277,22.548896,True,88.896,295801680,3687651959,粤B0AA56,114.034203,22.548901,2014-07-06 07:34:17,0,280.86183511417994
240,852052.0,43970,0,0.42857142857142855,114.034633,22.546952,True,229.249,3687652127,3687651954,粤B0AA56,114.034599,22.5469,2014-07-06 07:34:47,22,226.1872763693681
241,849873.0,43832,0,0.8571428571428571,114.035189,22.544018,True,233.54700000000003,3687651954,3687652007,粤B0AA56,114.035202,22.544001,2014-07-06 07:35:32,27,328.2488670828046
242,839084.0,43317,0,0.16666666666666666,114.031876,22.541166,True,127.213,2530284916,5199003494,粤B0AA56,114.031898,22.5411,2014-07-06 07:36:32,0,468.1802545201268
243,359339.0,18370,0,0.6,114.029449,22.540611,True,156.387,5199003493,5274731045,粤B0AA56,114.029404,22.5406,2014-07-06 07:37:02,33,262.09967803338867
244,359797.0,18390,0,0.5060240963855421,114.024602,22.539773,True,854.266,5199003505,498882145,粤B0AA56,114.024597,22.5397,2014-07-06 07:37:33,17,503.7249182019551
245,7983.0,346,0,0.847457627118644,114.013714,22.536907,False,614.8729999999999,2528903571,2528903590,粤B0AA56,114.014,22.5366,2014-07-06 07:38:33,33,1141.6224775000262
246,342648.0,17635,0,0.3333333333333333,114.007756,22.536977,True,458.892,498497854,5659860843,粤B0AA56,114.007896,22.5362,2014-07-06 07:39:03,37,628.4798709684899
247,451265.0,23370,0,0.8333333333333334,114.00412,22.536034,True,119.953,2460132754,5726058016,粤B0AA56,114.004204,22.535801,2014-07-06 07:40:19,0,381.770317697312
248,451265.0,23370,0,0.8333333333333334,114.00412,22.536034,True,119.953,2460132754,5726058016,粤B0AA56,114.004204,22.535801,2014-07-06 07:40:49,0,0.0
249,451265.0,23370,0,0.8333333333333334,114.00412,22.536034,True,119.953,2460132754,5726058016,粤B0AA56,114.004204,22.535801,2014-07-06 07:41:19,0,0.0
250,451265.0,23370,0,0.8333333333333334,114.00412,22.536034,True,119.953,2460132754,5726058016,粤B0AA56,114.004204,22.535801,2014-07-06 07:42:04,0,0.0
251,513200.0,26225,0,0.7857142857142857,114.005387,22.536104,True,141.246,5726058016,5517945248,粤B0AA56,114.005402,22.5361,2014-07-06 07:42:34,22,127.4524137594938
252,576143.0,29487,0,0.8444444444444444,114.006947,22.534324,True,461.12100000000004,5281990501,5517945249,粤B0AA56,114.007004,22.5347,2014-07-06 07:43:04,21,226.50634149955368
